id,source_url,title,institution,ministry,domain,document_type,language,date,usage_label,quality_score,priority_rank,summary,notes,source_kind,seed_id,discovery_anchor_text,document_sensitivity_guess,accessed_at,raw_file,text_length,text_hash
adm-kako-in-kje-lahko-ustanovite-podjetj-4092f4b621,https://spot.gov.si/sl/teme/kako-in-kje-lahko-ustanovite-podjetje,Kako in kje lahko ustanovite podjetje,SPOT / Republika Slovenija,Ministrstvo za javno upravo / poslovni postopki,business-procedures,manual/handbook,sl,,BOTH,4,1,"Ustanovitev samostojnega podjetnika ali enostavne družbe z omejeno odgovornostjo je preprosta in hitra. Zaključite jo lahko v manj kot treh dneh od oddaje vloge na portalu SPOT ali na točki SPOT, postopek pa je brezplačen. Kazalo Kaj potrebujem za ustanovitev podjetja?",Seed za odkrivanje podrobnih poslovnih in registracijskih postopkov na portalu SPOT.,discovered,seed-spot-business,Kako in kje lahko ustanovite podjetje,public,2026-04-07,data\raw\expanded\adm-kako-in-kje-lahko-ustanovite-podjetj-4092f4b621.html,5905,8170c8ed1137651e11838d8b180bce07535f3a41835816d53710f643231a4a13
adm-obveznosti-do-financne-uprave-1587f57878,https://spot.gov.si/sl/teme/obveznosti-do-financne-uprave,Obveznosti do Finančne uprave,SPOT / Republika Slovenija,Ministrstvo za javno upravo / poslovni postopki,business-procedures,manual/handbook,sl,,BOTH,5,1,Kazalo Elektronsko poslovanje s FURS (eDavki) Obveznosti odprtja plačilnega računa,Seed za odkrivanje podrobnih poslovnih in registracijskih postopkov na portalu SPOT.,discovered,seed-spot-business,Obveznosti do Finančne uprave,public,2026-04-07,data\raw\expanded\adm-obveznosti-do-financne-uprave-1587f57878.html,6840,73b093059578ef8c35230919bf8c2584aa00d57aed18ce39b62a8acc21f0207c
adm-ustanovitev-s-p-dbf0824dfc,https://spot.gov.si/sl/teme/ustanovitev-s-p,Postopek registracije s.p.,SPOT / Republika Slovenija,Ministrstvo za javno upravo / poslovni postopki,business-procedures,procedure page,sl,1. 2. 2019,BOTH,5,1,Kazalo Registracija s.p. preko portala SPOT Postopek registracije S.P. na točki SPOT,Seed za odkrivanje podrobnih poslovnih in registracijskih postopkov na portalu SPOT.,discovered,seed-spot-business,Postopek registracije s.p.,public,2026-04-07,data\raw\expanded\adm-ustanovitev-s-p-dbf0824dfc.html,20269,5a8ba4bc9565bc7be5db70f34349197f446a8caa14703e3b4860d72780545be8
adm-pred-postopkom-ustanovitve-podjetja-66ee52c9ae,https://spot.gov.si/sl/teme/pred-postopkom-ustanovitve-podjetja,Pred postopkom ustanovitve podjetja,SPOT / Republika Slovenija,Ministrstvo za javno upravo / poslovni postopki,business-procedures,manual/handbook,sl,,BOTH,5,1,Kazalo Ime podjetja Datum vpisa (ustanovitve),Seed za odkrivanje podrobnih poslovnih in registracijskih postopkov na portalu SPOT.,discovered,seed-spot-business,Pred postopkom ustanovitve podjetja,public,2026-04-07,data\raw\expanded\adm-pred-postopkom-ustanovitve-podjetja-66ee52c9ae.html,12998,50a0f0069968f853a95962f6154f224fae53ac5eda404ff3d0eb62c4bf034cd6
adm-primerjava-med-s-p-in-d-o-o-8fa96567b6,https://spot.gov.si/sl/teme/primerjava-med-s-p-in-d-o-o,Primerjava med s.p. in d.o.o.,SPOT / Republika Slovenija,Ministrstvo za javno upravo / poslovni postopki,business-procedures,manual/handbook,sl,,BOTH,4,1,S.P. D.O.O. Osebna odgovornost,Seed za odkrivanje podrobnih poslovnih in registracijskih postopkov na portalu SPOT.,discovered,seed-spot-business,Primerjava med s.p. in d.o.o.,public,2026-04-07,data\raw\expanded\adm-primerjava-med-s-p-in-d-o-o-8fa96567b6.html,1464,f1198e0d661ce2ec52b2f697a0488f30e713c055ed3a4794f56869c4f99a3180
adm-ustanovitev-d-o-o-4c871630cd,https://spot.gov.si/sl/teme/ustanovitev-d-o-o,Ustanovitev d.o.o.,SPOT / Republika Slovenija,Ministrstvo za javno upravo / poslovni postopki,business-procedures,manual/handbook,sl,,BOTH,5,1,"Družba z omejeno odgovornostjo je pravna oseba, katere lastnik je lahko ena ali več oseb. Lastniki za poslovanje ne odgovarjajo z osebnim premoženjem. Za ustanovitev morate vplačati osnovni oziroma ustanovni kapital, ki znaša najmanj 7.500 € in je podjetju od ustanovitve na voljo za poslovanje. Osnovni kapital lahko...",Seed za odkrivanje podrobnih poslovnih in registracijskih postopkov na portalu SPOT.,discovered,seed-spot-business,Ustanovitev d.o.o.,public,2026-04-07,data\raw\expanded\adm-ustanovitev-d-o-o-4c871630cd.html,10526,e040b405ab243029a379811c3aeeab78c3d3f4805b35fdd1b97d59cac922274a
seed-spot-business,https://spot.gov.si/sl/poslovanje/ustanovitev-podjetja,Ustanovitev podjetja,SPOT / Republika Slovenija,Ministrstvo za javno upravo / poslovni postopki,business-procedures,procedure hub,sl,,BOTH,5,1,"Preden ustanovite podjetje se odločite za poslovno obliko, ki bo najbolj ustrezala vašemu poslovanju, ob tem pa tudi preverite, katere podatke boste morali navesti ob registraciji podjetja. Pred postopkom ustanovitve podjetja Kako in kje lahko ustanovite podjetje",Seed za odkrivanje podrobnih poslovnih in registracijskih postopkov na portalu SPOT.,seed,seed-spot-business,Ustanovitev podjetja,public,2026-04-07,data\raw\expanded\seed-spot-business.html,459,34c1f2f83e031636898fb5bd627f93f61552c358795b0ae04969533968394373
adm-davek-na-dodano-vrednost-ddv-3852194200,https://spot.gov.si/sl/teme/davek-na-dodano-vrednost-ddv,Davek na dodano vrednost (DDV),SPOT / Republika Slovenija,Ministrstvo za finance / poslovni postopki,vat,manual/handbook,sl,,BOTH,5,2,"Davčni zavezanec se lahko identificira za namene DDV že ob ustanoviti podjetja, mora pa se identificirati za namene DDV, če preseže določeno višino prometa oz. če opravlja/prejema določene transakcije znotraj Unije. Kazalo Kako postanete zavezanec za davek na dodano vrednost (DDV)?",Seed za odkrivanje dodatnih davčnih in knjigovodskih postopkov na portalu SPOT.,discovered,seed-spot-finance,Davek na dodano vrednost (DDV),public,2026-04-07,data\raw\expanded\adm-davek-na-dodano-vrednost-ddv-3852194200.html,11781,d1d6c57fc55e4f35bf3526ea2fb52029aca105534a195763b3e81f9c091ab24e
adm-davek-od-dohodka-iz-dejavnosti-229d69ab83,https://spot.gov.si/sl/teme/davek-od-dohodka-iz-dejavnosti,Davek od dohodka iz dejavnosti,SPOT / Republika Slovenija,Ministrstvo za finance / poslovni postopki,tax-and-bookkeeping,manual/handbook,sl,,BOTH,5,2,"Zavezanci za dohodek iz dejavnosti so vsi zasebniki. Sem sodijo poleg podjetnikov, ki jih opredeljuje Zakon o gospodarskih družbah (ZGD-1), tudi druge fizične osebe, ki priglasijo opravljanje dejavnosti na podlagi drugih predpisov (npr. notarji, odvetniki, novinarji, člani kmečkega gospodinjstva). Kazalo Kdaj je rok...",Seed za odkrivanje dodatnih davčnih in knjigovodskih postopkov na portalu SPOT.,discovered,seed-spot-finance,Davek od dohodka iz dejavnosti,public,2026-04-07,data\raw\expanded\adm-davek-od-dohodka-iz-dejavnosti-229d69ab83.html,14492,ff90704a09c03e3c42e5121df79f2d7aa4953a0f0006250ed755cd3237fed16a
adm-davek-od-dohodkov-pravnih-oseb-8f20c13583,https://spot.gov.si/sl/teme/davek-od-dohodkov-pravnih-oseb,Davek od dohodkov pravnih oseb,SPOT / Republika Slovenija,Ministrstvo za finance / poslovni postopki,tax-and-bookkeeping,manual/handbook,sl,,BOTH,5,2,Kazalo Davčna stopnja Davčna osnova,Seed za odkrivanje dodatnih davčnih in knjigovodskih postopkov na portalu SPOT.,discovered,seed-spot-finance,Davek od dohodkov pravnih oseb,public,2026-04-07,data\raw\expanded\adm-davek-od-dohodkov-pravnih-oseb-8f20c13583.html,9811,ccd0878611bab77a7138b0f3b06eecc5d401c02a61b3400dfd1a7a7ce694069c
adm-davcne-olajsave-d33d1589f9,https://spot.gov.si/sl/teme/davcne-olajsave,Davčne olajšave,SPOT / Republika Slovenija,Ministrstvo za finance / poslovni postopki,tax-and-bookkeeping,manual/handbook,sl,,BOTH,4,2,"Dohodnina je davek, ki ga fizične osebe (zavezanci za dohodnino) plačujejo državi glede na višino dohodkov. Olajšave znižujejo osnovo za obračun dohodnine. Z novim zakonom, sprejetim decembra 2022 (ZDoh-2AA), se splošna olajšava, ki jo uveljavljamo vsi zavezanci za dohodnino, zvišuje na 5.000 EUR. Dvig splošne olajš...",Seed za odkrivanje dodatnih davčnih in knjigovodskih postopkov na portalu SPOT.,discovered,seed-spot-finance,Davčne olajšave,public,2026-04-07,data\raw\expanded\adm-davcne-olajsave-d33d1589f9.html,4327,8cfcb03c162760b6caf0ca67272cbacb661b37470c6bc536efabfb4b8f9416ef
adm-vodenje-poslovnih-knjig-4bf0091638,https://spot.gov.si/sl/teme/vodenje-poslovnih-knjig,Vodenje poslovnih knjig,SPOT / Republika Slovenija,Ministrstvo za finance / poslovni postopki,tax-and-bookkeeping,manual/handbook,sl,2. 1. 2016,BOTH,5,2,Kazalo Izdajanje in hramba računov Davčne blagajne in vezane knjige računov,Seed za odkrivanje dodatnih davčnih in knjigovodskih postopkov na portalu SPOT.,discovered,seed-spot-finance,Vodenje poslovnih knjig,public,2026-04-07,data\raw\expanded\adm-vodenje-poslovnih-knjig-4bf0091638.html,19950,aceee0bad5e4195413f12bd0c2ede68e7193d45ac1243f3b5412ec48aaa1d864
adm-vpis-v-davcni-register-8b1a4708bf,https://spot.gov.si/sl/teme/vpis-v-davcni-register,Vpis v davčni register,SPOT / Republika Slovenija,Ministrstvo za finance / poslovni postopki,tax-registration,procedure page,sl,,BOTH,4,2,"Davčni register je register, v katerem so vpisani vsi zavezanci za davek. Vodi ga Finančna uprava Republike Slovenije. Kazalo Davčna številka",Seed za odkrivanje dodatnih davčnih in knjigovodskih postopkov na portalu SPOT.,discovered,seed-spot-finance,Vpis v davčni register,public,2026-04-07,data\raw\expanded\adm-vpis-v-davcni-register-8b1a4708bf.html,3916,63bec798cff6e7f6a9f175fbda5eb0eea899d91aa1dc374e9aeff419d193ca5f
seed-spot-finance,https://spot.gov.si/sl/poslovanje/davki-in-vodenje-poslovnih-knjig,Davki in vodenje poslovnih knjig,SPOT / Republika Slovenija,Ministrstvo za finance / poslovni postopki,tax,procedure hub,sl,,BOTH,5,2,Davki v Sloveniji so odvisni od dejavnosti in organizacijske oblike podjetja. Vsa podjetja morajo voditi tudi poslovne knjige. Vodenje poslovnih knjig,Seed za odkrivanje dodatnih davčnih in knjigovodskih postopkov na portalu SPOT.,seed,seed-spot-finance,Davki in vodenje poslovnih knjig,public,2026-04-07,data\raw\expanded\seed-spot-finance.html,463,8c5ab9f3acd67268366a8dd0a24a86640d70fe66f71815f764220f1fb827db47
adm-www-gov-si-49d3aae9cb,https://www.gov.si/teme/financiranje-obcin/,Financiranje občin,Ministrstvo za javno upravo,Ministrstvo za javno upravo,local-government,manual/handbook,sl,31. 12. 2024,FINETUNE,5,5,"Za vse občine v Republiki Sloveniji, ne glede na njihovo raznolikost, velja enak sistem financiranja. Naš cilj je državljanom zagotoviti enake možnosti za zadovoljevanje skupnih potreb in interesov ne glede na to, v kateri občini prebivajo. Občine se financirajo z lastnimi viri, ti pomenijo več kot 90 odstotkov vseh...",Seed za odkrivanje tematskih strani MJU z uradno terminologijo in procesnim jezikom.,discovered,seed-mju-themes,Financiranje občin,public,2026-04-07,data\raw\expanded\adm-www-gov-si-49d3aae9cb.html,37653,592ac3cc091834a3d0faa85cb9fb3d490f6108a0cc207b192687e2969b472861
adm-www-gov-si-bad6dd99f6,https://www.gov.si/teme/informacije-javnega-znacaja/,Informacije javnega značaja,Ministrstvo za javno upravo,Ministrstvo za javno upravo,access-to-public-information,manual/handbook,sl,24. 4. 2024,FINETUNE,5,5,Zavedamo se pomembnosti odprtega in transparentnega delovanja vseh organov javnega sektorja. Skladno z določili in namenom Zakona o dostopu do informacij javnega značaja (ZDIJZ) zato nenehno delujemo za ohranjanje ravni transparentnosti delovanja javnega sektorja oziroma se z novimi ukrepi trudimo to raven še poviša...,Seed za odkrivanje tematskih strani MJU z uradno terminologijo in procesnim jezikom.,discovered,seed-mju-themes,Informacije javnega značaja,public,2026-04-07,data\raw\expanded\adm-www-gov-si-bad6dd99f6.html,23192,46faafabf82074f024a86e3355c207ec2b14811c51d93e75bda21a1f02c36a4c
adm-www-gov-si-358a5ad9e3,https://www.gov.si/teme/lokalna-samouprava-in-mednarodna-skupnost/,Lokalna samouprava in mednarodna skupnost,Ministrstvo za javno upravo,Ministrstvo za javno upravo,local-government,manual/handbook,sl,,FINETUNE,4,5,"Lokalna samouprava je v izključni pristojnosti Republike Slovenije, zato zakonodaje ne prilagaja pravnemu redu Evropske unije, je pa zavezana k spoštovanju Evropske listine lokalne samouprave – MELLS. Predstavniki slovenskih občin sodelujejo v več mednarodnih organizacijah občin in regij. Uradni delegaciji ima Slove...",Seed za odkrivanje tematskih strani MJU z uradno terminologijo in procesnim jezikom.,discovered,seed-mju-themes,Lokalna samouprava in mednarodna skupnost,public,2026-04-07,data\raw\expanded\adm-www-gov-si-358a5ad9e3.html,3778,9f629940f9cec0595ddb86d032178f88c48f471050fa2d904f5f6b707f68c159
adm-www-gov-si-fcdbf5a7f4,https://www.gov.si/teme/naloge-obcin/,Naloge občin,Ministrstvo za javno upravo,Ministrstvo za javno upravo,local-government,manual/handbook,sl,31. 8. 2020,FINETUNE,5,5,"Med lokalne zadeve spadajo vse tiste zadeve, ki jih občine lahko urejajo samostojno in se nanašajo samo na prebivalce občine. Tudi kadar nalogo določa zakon, jo občine zaradi lokalnih posebnosti lahko urejajo različno. Večina nalog v pristojnosti občine se nanaša na področja prostorskega načrtovanja, gradnje objekto...",Seed za odkrivanje tematskih strani MJU z uradno terminologijo in procesnim jezikom.,discovered,seed-mju-themes,Naloge občin,public,2026-04-07,data\raw\expanded\adm-www-gov-si-fcdbf5a7f4.html,13667,e69609e79e38c22bce49920e4b975cbfbef51e206be9dfd32869526ee4338076
adm-www-gov-si-ac902264a2,https://www.gov.si/teme/obcine-v-stevilkah/,Občine v številkah,Ministrstvo za javno upravo,Ministrstvo za javno upravo,local-government,manual/handbook,sl,,FINETUNE,4,5,"Osnovna organizacijska oblika lokalne samouprave je občina. V Sloveniji deluje 212 občin, od tega jih ima dvanajst status mestne občine. Kazalo Občine in število prebivalcev",Seed za odkrivanje tematskih strani MJU z uradno terminologijo in procesnim jezikom.,discovered,seed-mju-themes,Občine v številkah,public,2026-04-07,data\raw\expanded\adm-www-gov-si-ac902264a2.html,3004,d9a0b2185b117523bdc48b62ddc819016ffb14a819e82c45318eb5e9a88587e6
adm-www-gov-si-0103d6b124,https://www.gov.si/teme/obcinski-organi/,Občinski organi,Ministrstvo za javno upravo,Ministrstvo za javno upravo,local-government,manual/handbook,sl,,FINETUNE,4,5,"Osnovne enote lokalne samouprave so občine ali mestne občine. Občine so enakopraven partner države, upravljajo jih trije samostojni organi – župan, občinski svet in nadzorni odbor. Župana in člane občinskega sveta izvolijo prebivalci na lokalnih volitvah vsake štiri leta, nadzorni svet pa imenujejo občinski svetniki...",Seed za odkrivanje tematskih strani MJU z uradno terminologijo in procesnim jezikom.,discovered,seed-mju-themes,Občinski organi,public,2026-04-07,data\raw\expanded\adm-www-gov-si-0103d6b124.html,4418,ca3e93c85414c83991b439dc139ea2fc1e447dadeaf6a46c322b0edc925c07e7
adm-www-gov-si-e473483aba,https://www.gov.si/teme/placni-sistem/,Plačni sistem,Ministrstvo za javno upravo,Ministrstvo za javno upravo,public-sector-pay,manual/handbook,sl,6. 12. 2024,FINETUNE,5,5,"Plačni sistem javnega sektorja velja za ves javni sektor, ki ga sestavljajo proračunski uporabniki (državni organi, občine, javni zavodi, javni skladi, javne agencije, javni gospodarski zavodi). To pomeni, da ga uporablja skoraj dva tisoč proračunskih uporabnikov s približno 190.000 zaposlenimi iz različnih dejavnos...",Seed za odkrivanje tematskih strani MJU z uradno terminologijo in procesnim jezikom.,discovered,seed-mju-themes,Plačni sistem,public,2026-04-07,data\raw\expanded\adm-www-gov-si-e473483aba.html,31265,ad888a3cde60b4ed145a708edfcafbeb0267336c213fbf44708608ece9190ca6
adm-www-gov-si-6c4f923858,https://www.gov.si/teme/ravnanje-s-kadri/,Ravnanje s kadri,Ministrstvo za javno upravo,Ministrstvo za javno upravo,public-sector-hr,manual/handbook,sl,9. 9. 2025,FINETUNE,5,5,"Hiter družbeni in tehnološki razvoj močno vpliva na način dela v državni upravi in predstavlja izziv, h kateremu je potrebno pristopiti celostno, z zavedanjem, da so ključni element učinkovite državne uprave prav strokovni, odgovorni in motivirani zaposleni. Kazalo Strategija ravnanja s kadri v državni upravi do let...",Seed za odkrivanje tematskih strani MJU z uradno terminologijo in procesnim jezikom.,discovered,seed-mju-themes,Ravnanje s kadri,public,2026-04-07,data\raw\expanded\adm-www-gov-si-6c4f923858.html,34676,63e5bfcd5a0d053bbf25098ec38c8d6cb871eb060703e5795b1efe4ee21cf441
adm-www-gov-si-fc50ff3524,https://www.gov.si/teme/skupno-javno-narocanje/,Skupno javno naročanje,Ministrstvo za javno upravo,Ministrstvo za javno upravo,public-procurement,manual/handbook,sl,,BOTH,4,5,"Kadar skupno naročanje povečuje gospodarnost in učinkovitost porabe proračunskih sredstev in ne zmanjšuje konkurence na trgu, se za posamezne predmete javnega naročanja lahko izvede skupno javno naročanje ministrstev, organov v sestavi ministrstev, vladnih služb in upravnih enot. Prav tako se lahko izvede skupno jav...",Seed za odkrivanje tematskih strani MJU z uradno terminologijo in procesnim jezikom.,discovered,seed-mju-themes,Skupno javno naročanje,public,2026-04-07,data\raw\expanded\adm-www-gov-si-fc50ff3524.html,4554,e4b36e482d694060241a6b6cc76dcc6dd6d90f58a9f99e4b9d0f483fd6e7f51a
adm-www-gov-si-5984fa60fa,https://www.gov.si/teme/upravne-takse/,Upravne takse,Ministrstvo za javno upravo,Ministrstvo za javno upravo,administrative-fees,manual/handbook,sl,,FINETUNE,4,5,"Pri poslovanju organov državne uprave, občinskih organov in nosilcev javnih pooblastil je za nekatere upravne storitve predvideno plačilo upravne takse. Zavezanec za plačilo je tisti, ki vloži vlogo in tako začne upravni ali drug postopek, za katerega je predvideno plačilo upravne takse. Kazalo Splošno o upravnih ta...",Seed za odkrivanje tematskih strani MJU z uradno terminologijo in procesnim jezikom.,discovered,seed-mju-themes,Upravne takse,public,2026-04-07,data\raw\expanded\adm-www-gov-si-5984fa60fa.html,4639,a0a17bbe7dcc29e8fc05fd021b8d587263ea50b2a15877d7c8ee692a31f6130f
adm-www-gov-si-1b8cd4d940,https://www.gov.si/teme/upravni-postopek/,Upravni postopek,Ministrstvo za javno upravo,Ministrstvo za javno upravo,administrative-procedure,procedure page,sl,,BOTH,5,5,"Upravni postopek je namenjen urejanju procesnih razmerij med oblastnim organom in drugimi udeleženci upravnega postopka, ko se odloča o upravni zadevi, to je pravici, pravni koristi ali obveznosti s področja upravnega prava. Upravni postopek sestavljajo temeljna načela, kot minimalni standardi vsakega procesnega var...",Seed za odkrivanje tematskih strani MJU z uradno terminologijo in procesnim jezikom.,discovered,seed-mju-themes,Upravni postopek,public,2026-04-07,data\raw\expanded\adm-www-gov-si-1b8cd4d940.html,6273,83a58a05733313c5b71d640a2603858a0f3b96d05ed06b404405238849caf681
adm-www-gov-si-b10cfbf4d7,https://www.gov.si/teme/upravno-poslovanje/,Upravno poslovanje,Ministrstvo za javno upravo,Ministrstvo za javno upravo,administrative-operations,manual/handbook,sl,,FINETUNE,5,5,"Pravila upravnega poslovanja urejajo standarde delovanja upravnih organov in nosilcev javnih pooblastil, ki uporabnikom upravnih storitev zagotavljajo primerno in kakovostno obravnavo, kot se spodobi za sodobno, k uporabniku usmerjeno upravo. Določajo dolžna dejanja, ki uporabnikom olajšajo poslovanje z upravo, dolo...",Seed za odkrivanje tematskih strani MJU z uradno terminologijo in procesnim jezikom.,discovered,seed-mju-themes,Upravno poslovanje,public,2026-04-07,data\raw\expanded\adm-www-gov-si-b10cfbf4d7.html,11348,cf5c893b6d3fa179004598718e38ffe74d9e699725948dcbf2a12b591aa4472a
adm-www-gov-si-16649cc383,https://www.gov.si/teme/usluzbenski-sistem/,Uslužbenski sistem,Ministrstvo za javno upravo,Ministrstvo za javno upravo,public-sector-hr,manual/handbook,sl,13. 1. 2026,FINETUNE,5,5,"Uslužbenski sistem v Sloveniji je del delovnega prava, ki ureja posebnosti delovnih razmerij, pri katerih je delodajalec država, lokalna skupnost ali druga oseba javnega prava. Posebnosti delovnih razmerij v uslužbenskem sistemu izhajajo iz narave dela, ki ga opravljajo javni uslužbenci, in jih ureja Zakon o javnih...",Seed za odkrivanje tematskih strani MJU z uradno terminologijo in procesnim jezikom.,discovered,seed-mju-themes,Uslužbenski sistem,public,2026-04-07,data\raw\expanded\adm-www-gov-si-16649cc383.html,22709,62c43f64e8dcdef9544a329f53f21bd3124b7e1aba9e0e5e37b4b709fcabcb65
adm-www-gov-si-70ebc85f1e,https://www.gov.si/teme/zeleno-javno-narocanje/,Zeleno javno naročanje,Ministrstvo za javno upravo,Ministrstvo za javno upravo,public-procurement,manual/handbook,sl,,BOTH,4,5,"Zeleno javno naročanje je naročanje, pri katerem naročnik po Zakonu o javnem naročanju naroča blago, storitve ali gradnje, ki imajo v primerjavi z običajnim blagom, storitvami in gradnjami v celotni življenjski dobi manjši vpliv na okolje, zagotavljajo varčevanje z naravnimi viri, materiali in energijo ter imajo ena...",Seed za odkrivanje tematskih strani MJU z uradno terminologijo in procesnim jezikom.,discovered,seed-mju-themes,Zeleno javno naročanje,public,2026-04-07,data\raw\expanded\adm-www-gov-si-70ebc85f1e.html,5911,873617504c60e00fb442e007a6079ed883baea98d8ba3be6e7c6d89e6257f45e
seed-mju-themes,https://www.gov.si/drzavni-organi/ministrstva/ministrstvo-za-javno-upravo/teme-in-projekti/,Teme in projekti Ministrstva za javno upravo,Ministrstvo za javno upravo,Ministrstvo za javno upravo,public-administration,topic hub,sl,,FINETUNE,5,5,"Naročanje na obisk upravnih enot Preverite, kako in na kateri upravni enoti je možno rezervirati termin za upravne postopke. Teme",Seed za odkrivanje tematskih strani MJU z uradno terminologijo in procesnim jezikom.,seed,seed-mju-themes,Teme in projekti Ministrstva za javno upravo,public,2026-04-07,data\raw\expanded\seed-mju-themes.html,17799,00bb55d18094ee1d2b50b93fe515bae0e6c58f96e734955d145541cede2882f6
adm-www-gov-si-e8f8767231,https://www.gov.si/podrocja/drzava-in-druzba/javni-sektor/pravice-in-obveznosti-javnih-usluzbencev/,Pravice in obveznosti javnih uslužbencev,Ministrstvo za javno upravo,Ministrstvo za javno upravo,public-sector-pay,topic hub,sl,,FINETUNE,4,6,"Pravice in obveznosti javnih uslužbencev urejajo zakon o javnih uslužbencih in drugi predpisi ter kolektivne pogodbe. Z njimi so opredeljeni pogoji dela, pravni okvir ter odgovornosti zaposlenih v javnem sektorju. Pravice in obveznosti so medsebojno povezani in omogočajo ustvarjanje učinkovitega, pravičnega in zakon...","Seed za dodatno odkrivanje vsebin s področja javnega sektorja, upravnega poslovanja in transparentnosti.",discovered,seed-public-sector-overview,"Pravice in obveznosti javnih uslužbencev Uslužbenski sistem, uveljavljanje pravic javnih uslužbencev iz delovnega razmerja, plačni sistem, povračila stroškov in drugi osebni prejemki, usposabljanje javnih uslužbencev, funkcionarji.",public,2026-04-07,data\raw\expanded\adm-www-gov-si-e8f8767231.html,1897,9d145b0e876ae5dba92fb1f92bc42c47de95ced535f5df45dd7095c67a69b0c1
adm-www-gov-si-d57ed02ac2,https://www.gov.si/podrocja/drzava-in-druzba/javni-sektor/razvoj-in-upravljanje-javnega-sektorja/,Razvoj in upravljanje javnega sektorja,Ministrstvo za javno upravo,Ministrstvo za javno upravo,public-administration,topic hub,sl,,FINETUNE,4,6,"Učinkovit in zaupanja vreden javni sektor je poleg konkurenčnega gospodarstva in družbene povezanosti pomemben dejavnik razvoja Slovenije. Zato je naš cilj oblikovanje kakovostnega javnega sektorja, ki bo prebivalcem in podjetjem ponujal dostopne in uporabnikom prilagojene storitve. Ravnanje s kadri Usposabljanje ja...","Seed za dodatno odkrivanje vsebin s področja javnega sektorja, upravnega poslovanja in transparentnosti.",discovered,seed-public-sector-overview,"Razvoj in upravljanje javnega sektorja Upravljanje kadrov, usposabljanje javnih uslužbencev, kakovost in inovativnost v javnem sektorju, informatika v državni upravi, javne agencije in javni zavodi.",public,2026-04-07,data\raw\expanded\adm-www-gov-si-d57ed02ac2.html,1203,d6504c16427e38e32d6bb55de6a4d661a82033d1105c06ad2549ced0b07ba787
adm-www-gov-si-5a3dadde3b,https://www.gov.si/podrocja/drzava-in-druzba/javni-sektor/transparentnost-in-integriteta/,Transparentnost in integriteta,Ministrstvo za javno upravo,Ministrstvo za javno upravo,access-to-public-information,topic hub,sl,,FINETUNE,4,6,"Transparentnost in integriteta sta temeljni načeli delovanja javnega sektorja, ki zagotavljata, da javnost zaupa v institucije, preprečujeta korupcijo ter omogočata učinkovito in odgovorno izvajanje javnih storitev. Informacije javnega značaja Integriteta","Seed za dodatno odkrivanje vsebin s področja javnega sektorja, upravnega poslovanja in transparentnosti.",discovered,seed-public-sector-overview,"Transparentnost in integriteta Informacije javnega značaja, integriteta.",public,2026-04-07,data\raw\expanded\adm-www-gov-si-5a3dadde3b.html,2378,802db6b671900ee7b9e25bcee69f001140d3373dceebf1c8eff94a7c613238fd
adm-www-gov-si-9b4bdf2270,https://www.gov.si/podrocja/drzava-in-druzba/javni-sektor/upravno-poslovanje/,Upravno poslovanje,Ministrstvo za javno upravo,Ministrstvo za javno upravo,administrative-procedure,procedure page,sl,,BOTH,4,6,"Pravila upravnega poslovanja, upravni postopek in inšpekcijski nadzor so ključni elementi delovanja javne uprave, ki skupaj zagotavljajo zakonitost, učinkovitost in zaščito pravic vseh udeležencev. Upravni postopek Upravne takse","Seed za dodatno odkrivanje vsebin s področja javnega sektorja, upravnega poslovanja in transparentnosti.",discovered,seed-public-sector-overview,"Upravno poslovanje Upravno poslovanje, upravni postopek, upravne takse, informacije javnega značaja.",public,2026-04-07,data\raw\expanded\adm-www-gov-si-9b4bdf2270.html,1323,cf54ecd2adc8a9870c23f089de3169101df9bd8b8c8710cde1df454adf9248e9
seed-public-sector-overview,https://www.gov.si/podrocja/drzava-in-druzba/javni-sektor/,Javni sektor,Ministrstvo za javno upravo,Ministrstvo za javno upravo,public-administration,topic hub,sl,,FINETUNE,5,6,"Javni sektor v Sloveniji je obsežen sistem, ki zajema različne organizacije in institucije, katerih naloga je zagotavljanje javnih storitev in uresničevanje javnih interesov. Njegova organiziranost temelji na zakonsko določenih oblikah in strukturah, ki so namenjene učinkovitemu izvajanju nalog državne in lokalnih s...","Seed za dodatno odkrivanje vsebin s področja javnega sektorja, upravnega poslovanja in transparentnosti.",seed,seed-public-sector-overview,Javni sektor,public,2026-04-07,data\raw\expanded\seed-public-sector-overview.html,1035,54aa6bcc78c2c19da301ad88881bc53b94e99fdbaa44baab24464ae2efa91d34
seed-mju-procurement-sector,https://www.gov.si/drzavni-organi/ministrstva/ministrstvo-za-javno-upravo/o-ministrstvu/direktorat-za-javno-narocanje/sektor-za-sistem-javnega-narocanja/,Sektor za sistem javnega naročanja,Ministrstvo za javno upravo,Ministrstvo za javno upravo,public-procurement,procurement guidance,sl,,BOTH,4,6,"Naročanje na obisk upravnih enot Preverite, kako in na kateri upravni enoti je možno rezervirati termin za upravne postopke. V sektorju se ukvarjamo s pripravo predlogov predpisov s področja javnega naročanja, pri čemer moramo skrbeti zlasti za usklajenost slovenskih predpisov z evropskim pravnim redom, pri čemer tu...",Neposreden terminološki vir za javno naročanje.,seed,seed-mju-procurement-sector,Sektor za sistem javnega naročanja,public,2026-04-07,data\raw\expanded\seed-mju-procurement-sector.html,1158,b2b1f2ec027d32f197f058e11cad723f531157014b43ea1d405cea50ece91392
seed-mf-themes,https://www.gov.si/drzavni-organi/ministrstva/ministrstvo-za-finance/teme-in-projekti/,Teme in projekti Ministrstva za finance,Ministrstvo za finance,Ministrstvo za finance,public-finance,topic hub,sl,,BOTH,5,7,"Teme Javne finance Javnofinančna politika, blagajne javnega financiranja, ekonomsko upravljanje, nadzor javnih financ, javno računovodstvo, javna plačila",Seed za odkrivanje tematskih finančno-upravnih strani z uradno terminologijo.,seed,seed-mf-themes,Teme in projekti Ministrstva za finance,public,2026-04-07,data\raw\expanded\seed-mf-themes.html,1945,ff62510e336d266cc057aa1c39a43d78d2965b0bf7de9238690a04cf944fd29d
adm-www-gov-si-4ad1986b38,https://www.gov.si/podrocja/finance-in-davki/davki-carine-in-druge-dajatve/,"Davki, carine in druge dajatve",Ministrstvo za finance,Ministrstvo za finance,tax,procedure page,sl,,BOTH,4,8,"Davki, carine in druge dajatve, ki jih državljani plačujemo državi, so temelj delovanja države oziroma sredstvo za zagotavljanje širokega nabora javnih storitev, ki povečujejo kakovost bivanja v naši državi in so vsem dostopne pod enakimi pogoji. Na ta način vsi skupaj financiramo delovanje javnega zdravstva, šolstv...",Seed za dodatno odkrivanje finančno-upravnih vsebin z GOV.SI področnih strani.,discovered,seed-finance-overview,"Davki, carine in druge dajatve Davki, carine, trošarine, dajatve pri igrah na srečo, mednarodno obdavčevanje, davčni postopek, davčno potrjevanje računov",public,2026-04-07,data\raw\expanded\adm-www-gov-si-4ad1986b38.html,3004,94adf7722dee6b4aa55316fb721c9805c826aa47049f98cf1621720807a38e59
adm-www-gov-si-9a306798db,https://www.gov.si/podrocja/finance-in-davki/drzavne-pomoci/,Državne pomoči,Ministrstvo za finance,Ministrstvo za finance,tax,topic hub,sl,,BOTH,4,8,"Državne pomoči so tisti del javnih sredstev, ki jih javni organi (ministrstva, občine, javni zavodi, skladi in agencije ter drugi javni organi) z namenom splošnega gospodarskega razvoja selektivno dodelijo subjektom, ki delujejo na trgu. Spodbude lahko dodelimo v različnih oblikah, na primer kot nepovratna sredstva,...",Seed za dodatno odkrivanje finančno-upravnih vsebin z GOV.SI področnih strani.,discovered,seed-finance-overview,"Državne pomoči Državne pomoči, pravila, priglasitev državnih pomoči, de minimis, poročanje o dodeljenih pomočeh, evidence odobrenih pomoči, večji prejemniki pomoči",public,2026-04-07,data\raw\expanded\adm-www-gov-si-9a306798db.html,5212,135a785993a5b4f4634a48552ec0344bb75472a936e6ce271b0fea20eac1fdf3
adm-www-gov-si-91bf531992,https://www.gov.si/podrocja/finance-in-davki/drzavni-proracun/,Državni proračun,Ministrstvo za finance,Ministrstvo za finance,budget,topic hub,sl,,BOTH,4,8,"Državni proračun je pomemben instrument, ki ga imamo na voljo za izvajanje večletne makroekonomske politike. Z njim zagotavljamo stabilnost javnih financ ter pospešujemo gospodarski in družbeni razvoj. Naše glavne naloge pri upravljanju proračuna so njegovo izvrševanje v okvirih in za namene, kot je bil sprejet, nje...",Seed za dodatno odkrivanje finančno-upravnih vsebin z GOV.SI področnih strani.,discovered,seed-finance-overview,"Državni proračun Priprava proračuna, sprejeti proračun, izvrševanje proračuna, zaključni račun proračuna",public,2026-04-07,data\raw\expanded\adm-www-gov-si-91bf531992.html,4080,38216750bfe7cf89f33ca77e939969c181ab9cad6fdbe711dd2358eb6d339f6b
adm-www-gov-si-74ba26c3f6,https://www.gov.si/podrocja/finance-in-davki/financni-sistem/,Finančni sistem,Ministrstvo za finance,Ministrstvo za finance,tax,topic hub,sl,,BOTH,4,8,"Finančni sistem omogoča izmenjavo sredstev med tistimi, ki jih imajo preveč, in tistimi, ki jim jih primanjkuje oziroma jih potrebujejo za načrtovane investicije. Države z dobro razvitim finančnim sistemom imajo višjo gospodarsko rast ter nižjo stopnjo revščine in neenakosti. Politike na področju finančnega sistema...",Seed za dodatno odkrivanje finančno-upravnih vsebin z GOV.SI področnih strani.,discovered,seed-finance-overview,"Finančni sistem Bančništvo, zavarovalništvo, kapitalski trg, preprečevanje pranja denarja, mednarodni finančni odnosi, igre na srečo, revidiranje",public,2026-04-07,data\raw\expanded\adm-www-gov-si-74ba26c3f6.html,5250,932e89bb1de4707d3be3f16631c5d981730ac757b907b63c6878f026a9458bfc
adm-www-gov-si-19bdc9f197,https://www.gov.si/podrocja/finance-in-davki/javna-placila/,Javna plačila,Ministrstvo za finance,Ministrstvo za finance,budget,topic hub,sl,,BOTH,4,8,"Plačilne in druge storitve za proračunske uporabnike izvaja Uprava Republike Slovenije za javna plačila (UJP). Za izvajanje te naloge vodi Register proračunskih uporabnikov, v katerem se registrirajo uporabniki javnega proračuna. Na zahtevo proračunskega uporabnika UJP odpre račun, ki je osnova za izvajanje plačilni...",Seed za dodatno odkrivanje finančno-upravnih vsebin z GOV.SI področnih strani.,discovered,seed-finance-overview,"Javna plačila Register proračunskih uporabnikov, plačilne storitve za proračunske uporabnike, izmenjava e-računov s proračunskimi uporabniki, obvezne dajatve in drugi javnofinančni prihodki",public,2026-04-07,data\raw\expanded\adm-www-gov-si-19bdc9f197.html,2598,be7751284e90b1cdcb091c065e92c54b5111eefb2941c63321fc270396131af8
adm-www-gov-si-9ee909644a,https://www.gov.si/podrocja/finance-in-davki/javne-finance/,Javne finance,Ministrstvo za finance,Ministrstvo za finance,public-finance,topic hub,sl,,BOTH,4,8,"Javne finance so temelj delovanja države. Zbrane iz različnih virov, od davkov, prispevkov carin do drugih dajatev in nedavčnih prihodkov, napajajo štiri blagajne: državni proračun, občinske proračune, Zavod za pokojninsko in invalidsko zavarovanje Slovenije ter Zavod za zdravstveno zavarovanje Slovenije. Z njimi fi...",Seed za dodatno odkrivanje finančno-upravnih vsebin z GOV.SI področnih strani.,discovered,seed-finance-overview,"Javne finance Javnofinančna politika, blagajne javnega financiranja, ekonomsko upravljanje, nadzor javnih financ, javno računovodstvo, javna plačila",public,2026-04-07,data\raw\expanded\adm-www-gov-si-9ee909644a.html,2541,3234a309763bfce5ea478a7cbaeaeb90a9db87005b0c7183286ac14575edf560
adm-www-gov-si-f31f061ff4,https://www.gov.si/podrocja/finance-in-davki/javno-narocanje/,Javno naročanje,Ministrstvo za finance,Ministrstvo za finance,public-procurement,topic hub,sl,,BOTH,4,8,"Kadar naročnik blaga ali storitve ne more dobaviti oziroma izvesti z lastnimi zmogljivostmi in če vrednost naročila presega z zakonom določene mejne vrednosti, naročnik izvede postopek javnega naročanja. S postopkom si prizadevamo izbrati najugodnejšega dobavitelja oziroma izvajalca storitev ali gradenj, hkrati pa z...",Seed za dodatno odkrivanje finančno-upravnih vsebin z GOV.SI področnih strani.,discovered,seed-finance-overview,"Javno naročanje Pravila javnega naročanja, pravno varstvo v postopkih javnega naročanja, skupno javno naročanje, zeleno javno naročanje",public,2026-04-07,data\raw\expanded\adm-www-gov-si-f31f061ff4.html,4623,5c559b7e1b3dc87ec1f11d236d1ec206ec3be6f9b490c4781e32ff61e6013dd3
adm-www-gov-si-1ca8e7282f,https://www.gov.si/podrocja/finance-in-davki/javno-premozenje/,Javno premoženje,Ministrstvo za finance,Ministrstvo za finance,tax,topic hub,sl,,BOTH,4,8,"Skrbimo za načrtno in pregledno upravljanje javnega premoženja, kar pomembno vpliva na stabilnost javnih financ. Javno premoženje države je lahko v obliki finančnega ali stvarnega premoženja. Finančno premoženje sestavljajo denarna sredstva, terjatve, dolžniški vrednostni papirji ter delnice in lastniški deleži v go...",Seed za dodatno odkrivanje finančno-upravnih vsebin z GOV.SI področnih strani.,discovered,seed-finance-overview,"Javno premoženje Finančno in stvarno premoženje države, državna poroštva, preglednost finančnih odnosov",public,2026-04-07,data\raw\expanded\adm-www-gov-si-1ca8e7282f.html,2645,779da26ef474efc208b0d266e61869c6ae9fa349e9acb5b94851bc3b4ced21d7
adm-www-gov-si-0d6dd64c05,https://www.gov.si/podrocja/finance-in-davki/sredstva-eu/,Sredstva EU,Ministrstvo za finance,Ministrstvo za finance,budget,topic hub,sl,,BOTH,4,8,"Evropska unija finančno podpira projekte in programe na različnih področjih, ki med drugim vključujejo regionalni in urbani razvoj, zaposlovanje in socialno vključevanje, kmetijstvo in razvoj podeželja, pomorske zadeve in ribištvo, raziskave in inovacije ter humanitarno pomoč. Finančna pomoč je na voljo malim in sre...",Seed za dodatno odkrivanje finančno-upravnih vsebin z GOV.SI področnih strani.,discovered,seed-finance-overview,"Sredstva EU Proračun EU, kohezijska sredstva, sredstva za razvoj podeželja in kmetijstvo, sredstva za raziskave in inovacije, povračila potnih stroškov Sveta EU",public,2026-04-07,data\raw\expanded\adm-www-gov-si-0d6dd64c05.html,4030,473e2ecf79632f7f1648bc53bb9fe52b186f1f3056c5381bfae045130928e935
adm-www-gov-si-6ca906bc1c,https://www.gov.si/podrocja/finance-in-davki/zakladnistvo/,Zakladništvo,Ministrstvo za finance,Ministrstvo za finance,local-government,topic hub,sl,,FINETUNE,4,8,"V okviru zakladništva države zagotavljamo vire financiranja državnega proračuna in gospodarimo z denarjem na tak način, da je v vsakem trenutku zagotovljena plačilna sposobnost. Prizadevamo si za učinkovito in gospodarno ravnanje z denarnimi sredstvi države oziroma javnimi financami. V državni zakladnici skrbimo za...",Seed za dodatno odkrivanje finančno-upravnih vsebin z GOV.SI področnih strani.,discovered,seed-finance-overview,"Zakladništvo Upravljanje z dolgom državnega proračuna, upravljanje likvidnosti državnega proračuna, upravljanje denarnih sredstev enotnega zakladniškega računa države, konsolidirana premoženjska bilanca države in občin, stiki z investitorji in imetniki vrednostnih papirjev",public,2026-04-07,data\raw\expanded\adm-www-gov-si-6ca906bc1c.html,2798,2682135db6aaad0b8de181bba88cb0dc397c51f9ff58040fde96706b6d9aa1d3
seed-finance-overview,https://www.gov.si/podrocja/finance-in-davki/,Finance in davki,Ministrstvo za finance,Ministrstvo za finance,tax,topic hub,sl,,BOTH,5,8,"Sistem, ki predstavlja srce sodobne družbe in države. Delovati mora zanesljivo, varno in v korist državljanov. Za doseganje teh ciljev na različne načine skrbimo za proračun države in usmerjamo njegovo porabo, bdimo nad ureditvijo davčnega, bančnega in zavarovalniškega sistema, kapitalskega trga in upravljanja z jav...",Seed za dodatno odkrivanje finančno-upravnih vsebin z GOV.SI področnih strani.,seed,seed-finance-overview,Finance in davki,public,2026-04-07,data\raw\expanded\seed-finance-overview.html,2001,3ade0518b80755b04ef37a9b3e9244afa43da312c8cb6341f9f145d83f4664d4
seed-mf-budget-sector,https://www.gov.si/drzavni-organi/ministrstva/ministrstvo-za-finance/o-ministrstvu/direktorat-za-proracun/sektor-za-proracun/,Sektor za proračun,Ministrstvo za finance,Ministrstvo za finance,budget,budget/public-finance guidance,sl,,BOTH,4,8,"V Sektorju za proračun smo nosilci priprave predlogov proračunskih dokumentov: proračuna, spremembe proračuna, ukrepov za uravnoteženje proračuna, rebalansa proračuna, polletnega poročila o izvrševanju proračuna in zaključnega računa proračuna. Predloge proračunskih dokumentov pripravljamo v sodelovanju s proračunsk...",Neposreden terminološki vir za proračunske postopke in javnofinančno politiko.,seed,seed-mf-budget-sector,Sektor za proračun,public,2026-04-07,data\raw\expanded\seed-mf-budget-sector.html,1133,d48ba020ea4e34ad142199cfc42029cb70c0f16c2b896512f25b4c4abc747da2
adm-www-gov-si-d788ea281b,https://www.gov.si/zbirke/storitve/dovoljenje-ali-odlocba-za-opravljanje-zasebne-zdravstvene-dejavnosti/,Dovoljenje ali odločba za opravljanje zdravstvene dejavnosti,Ministrstvo za zdravje,Ministrstvo za zdravje,health-procedures,procedure page,sl,,BOTH,5,9,Kazalo Izdaja dovoljenja za opravljanje zdravstvene dejavnosti Sprememba dovoljenja za opravljanje zdravstvene dejavnosti,Seed za odkrivanje zdravstvenih upravnih postopkov in storitvenih strani.,discovered,seed-health-services,Dovoljenje ali odločba za opravljanje zdravstvene dejavnosti,public,2026-04-07,data\raw\expanded\adm-www-gov-si-d788ea281b.html,8064,bbfff87df82057125f050447d8e0514514f5720fdc46da666b510af0e1f0c860
adm-spot-gov-si-722f6a9cfc,https://spot.gov.si/sl/dejavnosti-in-poklici/dovoljenja/dovoljenje-za-izdajo-zdravil-prek-medmrezja/,Dovoljenje za izdajo zdravil prek medmrežja,SPOT / Republika Slovenija,Ministrstvo za zdravje,health-procedures,procedure page,sl,,BOTH,4,9,Kazalo Postopki Pristojni organ,Seed za odkrivanje zdravstvenih upravnih postopkov in storitvenih strani.,discovered,seed-health-services,Dovoljenje za izdajo zdravil prek medmrežja,public,2026-04-07,data\raw\expanded\adm-spot-gov-si-722f6a9cfc.html,2123,8d4dbcd838387f54a14243454d6e456c18e3d1355977f6a0b466abfb9d8fe9df
adm-spot-gov-si-9b8e973670,https://spot.gov.si/sl/dejavnosti-in-poklici/dovoljenja/dovoljenje-za-opravljanje-dejavnosti-ddd/,Dovoljenje za opravljanje dejavnosti DDD,SPOT / Republika Slovenija,Ministrstvo za zdravje,health-procedures,procedure page,sl,,BOTH,4,9,Kazalo Pogoji in dokazila Postopki,Seed za odkrivanje zdravstvenih upravnih postopkov in storitvenih strani.,discovered,seed-health-services,Dovoljenje za opravljanje dejavnosti DDD,public,2026-04-07,data\raw\expanded\adm-spot-gov-si-9b8e973670.html,5078,b874fe2556398b34a79cc57363cf3b5fdf7a856cf91e441250bd103ea1e7aafe
adm-www-gov-si-d950b11751,https://www.gov.si/zbirke/storitve/dovoljenje-za-opravljanje-javne-zdravstvene-dejavnosti/,Dovoljenje za opravljanje zdravstvene dejavnosti javnih zavodov,Ministrstvo za zdravje,Ministrstvo za zdravje,health-procedures,procedure page,sl,,BOTH,5,9,Kazalo Izdaja dovoljenja javnim zavodom za opravljanje zdravstvene dejavnosti Sprememba dovoljenja za opravljanje zdravstvene dejavnosti,Seed za odkrivanje zdravstvenih upravnih postopkov in storitvenih strani.,discovered,seed-health-services,Dovoljenje za opravljanje zdravstvene dejavnosti javnih zavodov,public,2026-04-07,data\raw\expanded\adm-www-gov-si-d950b11751.html,7263,687b0b50db688e501b9c44e6349c0e31fc0e51ca111d2257919f0fd84b4c15b6
adm-izbris-iz-registra-zasebnih-zdravstv-ea99eb9d28,https://e-uprava.gov.si/si/podrocja/delo-upokojitev/delo/izbris-iz-registra-zasebnih-zdravstvenih-delavcev.html?lang=si,Izbris iz registra zasebnih zdravstvenih delavcev,eUprava / Republika Slovenija,Ministrstvo za zdravje,health-procedures,procedure page,sl,,BOTH,4,9,"SI Družina, otroci, zakonska zveza Osebni dokumenti, potrdila, selitev",Seed za odkrivanje zdravstvenih upravnih postopkov in storitvenih strani.,discovered,seed-health-services,Izbris iz registra zasebnih zdravstvenih delavcev,public,2026-04-07,data\raw\expanded\adm-izbris-iz-registra-zasebnih-zdravstv-ea99eb9d28.html,3027,4cfd28a7ccd1d524e9860e6121c623a8ed58971aa19fd3ae966c66d6dc98323f
adm-www-gov-si-5c33c264db,https://www.gov.si/zbirke/storitve/izdaja-dovoljenj-za-delo-medicinskih-laboratorijev/,Izdaja dovoljenj za delo medicinskih laboratorijev,Ministrstvo za zdravje,Ministrstvo za zdravje,health-procedures,procedure page,sl,,BOTH,4,9,Kazalo Način izvedbe Vlogi za pridobitev in podaljšanje dovoljenj za delo medicinskih laboratorijev,Seed za odkrivanje zdravstvenih upravnih postopkov in storitvenih strani.,discovered,seed-health-services,Izdaja dovoljenj za delo medicinskih laboratorijev,public,2026-04-07,data\raw\expanded\adm-www-gov-si-5c33c264db.html,4129,9b6f481392d642c5a655f4ae92c23a2702ba496d9d0e06081902556586c88394
adm-izdaja-potrdil-glede-na-direktivo-20-8eb5c2634f,https://e-uprava.gov.si/si/podrocja/izobrazevanje-kultura/srednja-sola/izdaja-potrdil-glede-na-direktivo-2005-36-es?lang=si,"Izdaja potrdil glede na Direktivo 2005/36/ES za poklicne kvalifikacije, pridobljene v Sloveniji",eUprava / Republika Slovenija,Ministrstvo za zdravje,health-procedures,procedure page,sl,,BOTH,4,9,"SI Družina, otroci, zakonska zveza Osebni dokumenti, potrdila, selitev",Seed za odkrivanje zdravstvenih upravnih postopkov in storitvenih strani.,discovered,seed-health-services,"Izdaja potrdil glede na Direktivo 2005/36/ES za poklicne kvalifikacije, pridobljene v Sloveniji",public,2026-04-07,data\raw\expanded\adm-izdaja-potrdil-glede-na-direktivo-20-8eb5c2634f.html,4507,f2197d23edbbb17af39ddbf49d9ff8e124881555e1286c4703416d85f6c23463
adm-www-gov-si-8790763b65,https://www.gov.si/zbirke/storitve/opravljanje-zdravilske-dejavnosti-licenca-in-dovoljenje/,Opravljanje zdravilske dejavnosti - licenca in dovoljenje,Ministrstvo za zdravje,Ministrstvo za zdravje,health-procedures,procedure page,sl,,BOTH,4,9,"Zdravilec je oseba, ki opravlja zdravilsko dejavnost. Je polnoletna fizična oseba, ki ima pridobljeno najmanj srednjo izobrazbo zdravstvene smeri ali najmanj srednjo strokovno izobrazbo in opravljen preizkus iz zdravstvenih vsebin ter veljavno licenco. Prav tako mora imeti dovoljenje, na podlagi katerega lahko izvaj...",Seed za odkrivanje zdravstvenih upravnih postopkov in storitvenih strani.,discovered,seed-health-services,Opravljanje zdravilske dejavnosti - licenca in dovoljenje,public,2026-04-07,data\raw\expanded\adm-www-gov-si-8790763b65.html,3399,674e79d27104521f0afd6993905d2328f0734008637e20185a56ef9130c5d339
adm-oprostitev-posameznih-vsebin-strokov-8a96e69a6a,https://e-uprava.gov.si/si/podrocja/delo-upokojitev/delo/oprostitev-posameznih-vsebin-strokovnega-izpita-in-oprostitev-pripravnistva-in-strokovnega-izpita-za-zdravstvene-delavce-oziroma-zdravstvene-sodelavce.html?lang=si,Oprostitev posameznih vsebin strokovnega izpita in oprostitev pripravništva in strokovnega izpita za zdravstvene delavce oziroma zdravstvene sodelavce,eUprava / Republika Slovenija,Ministrstvo za zdravje,health-procedures,service hub,sl,,BOTH,4,9,"SI Družina, otroci, zakonska zveza Osebni dokumenti, potrdila, selitev",Seed za odkrivanje zdravstvenih upravnih postopkov in storitvenih strani.,discovered,seed-health-services,Oprostitev posameznih vsebin strokovnega izpita in oprostitev pripravništva in strokovnega izpita za zdravstvene delavce oziroma zdravstvene sodelavce,public,2026-04-07,data\raw\expanded\adm-oprostitev-posameznih-vsebin-strokov-8a96e69a6a.html,3622,47147199ba88403d82488d21cab4ff12e3c26f16027abe3ee0687c484a736d48
adm-www-gov-si-368bee64ee,https://www.gov.si/zbirke/storitve/pooblastilo-za-izvajanje-zdravstvenega-nadzora-izpostavljenih-delavcev/,Pooblastilo za izvajanje zdravstvenega nadzora izpostavljenih delavcev,Ministrstvo za zdravje,Ministrstvo za zdravje,health-procedures,procedure page,sl,,BOTH,4,9,"Zdravstveni nadzor izpostavljenih delavcev lahko opravljajo zdravstvene organizacije ali posamezniki, ki pridobijo ustrezno pooblastilo . Pooblastilo pridobijo od ministrstva, pristojnega za zdravje, če izpolnjujejo predpisane pogoje : so usposobljeni oziroma imajo zaposlenega zdravnika specialista s področja medici...",Seed za odkrivanje zdravstvenih upravnih postopkov in storitvenih strani.,discovered,seed-health-services,Pooblastilo za izvajanje zdravstvenega nadzora izpostavljenih delavcev,public,2026-04-07,data\raw\expanded\adm-www-gov-si-368bee64ee.html,2417,0fd7b84bbe1f3aea27cba571d27c8f9fc8c75b0e35560752500cc60261c127ae
adm-www-gov-si-5f643b2f75,https://www.gov.si/zbirke/storitve/postopek-obravnave-vlog-za-nove-zdravstvene-programe/,Postopek obravnave vlog za nove zdravstvene programe,Ministrstvo za zdravje,Ministrstvo za zdravje,health-procedures,procedure page,sl,1. 4. 2015,BOTH,4,9,"Razvoj zdravstvenih ved in tehnologije ter novi izzivi in potrebe prebivalstva omogočajo in utemeljujejo uvajanje novih načinov in metod obravnave različnih bolezenskih stanj. Od novih pristopov pričakujemo kakovostnejšo obravnavo pacientov, hitrejše, učinkovitejše in uspešnejše zdravljenje in prispevek h kakovosti...",Seed za odkrivanje zdravstvenih upravnih postopkov in storitvenih strani.,discovered,seed-health-services,Postopek obravnave vlog za nove zdravstvene programe,public,2026-04-07,data\raw\expanded\adm-www-gov-si-5f643b2f75.html,4080,a7e215dc272ac4c1b23460c7886a310f484fb649595530fc99197fe983575f51
adm-potrdilo-o-dobrem-imenu-9df7b8d9a3,https://e-uprava.gov.si/si/podrocja/delo-upokojitev/delo/potrdilo-o-dobrem-imenu?lang=si,Potrdilo o dobrem imenu na področju zdravstva,eUprava / Republika Slovenija,Ministrstvo za zdravje,health-procedures,procedure page,sl,,BOTH,4,9,"SI Družina, otroci, zakonska zveza Osebni dokumenti, potrdila, selitev",Seed za odkrivanje zdravstvenih upravnih postopkov in storitvenih strani.,discovered,seed-health-services,Potrdilo o dobrem imenu na področju zdravstva,public,2026-04-07,data\raw\expanded\adm-potrdilo-o-dobrem-imenu-9df7b8d9a3.html,3018,7985862458f3b24cb29bf38b588039fc4bddb551fd0e175b5670d1c5530139da
adm-opravljanje-nalog-resevalca-na-smuci-3599bc4e28,https://e-uprava.gov.si/si/podrocja/delo-upokojitev/delo/opravljanje-nalog-resevalca-na-smuciscu?lang=si,Potrdilo o izpolnjevanju pogojev za reševalca na smučišču,eUprava / Republika Slovenija,Ministrstvo za zdravje,health-procedures,procedure page,sl,,BOTH,4,9,"SI Družina, otroci, zakonska zveza Osebni dokumenti, potrdila, selitev",Seed za odkrivanje zdravstvenih upravnih postopkov in storitvenih strani.,discovered,seed-health-services,Potrdilo o izpolnjevanju pogojev za reševalca na smučišču,public,2026-04-07,data\raw\expanded\adm-opravljanje-nalog-resevalca-na-smuci-3599bc4e28.html,3838,920fd108dc80453bd503faadb15a6e54cf309dcca63a1fff605a43224df00908
adm-pridobitev-dovoljenja-za-opravljanje-88135e85c3,https://e-uprava.gov.si/si/podrocja/delo-upokojitev/delo/pridobitev-dovoljenja-za-opravljanje-zdravstvene-dejavnosti.html?lang=si,Pridobitev dovoljenja za opravljanje zdravstvene dejavnosti za fizične osebe - zasebni zdravstveni delavec,eUprava / Republika Slovenija,Ministrstvo za zdravje,health-procedures,procedure page,sl,,BOTH,4,9,"SI Družina, otroci, zakonska zveza Osebni dokumenti, potrdila, selitev",Seed za odkrivanje zdravstvenih upravnih postopkov in storitvenih strani.,discovered,seed-health-services,Pridobitev dovoljenja za opravljanje zdravstvene dejavnosti za fizične osebe - zasebni zdravstveni delavec,public,2026-04-07,data\raw\expanded\adm-pridobitev-dovoljenja-za-opravljanje-88135e85c3.html,3183,ce3e4bdf699914a6ef6649b03d45e847e9d1e85abc317fcc410a99547d9d1136
adm-licenca-za-opravljanje-zdravilske-de-70a6eedb13,https://e-uprava.gov.si/si/podrocja/delo-upokojitev/delo/licenca-za-opravljanje-zdravilske-dejavnosti.html?lang=si,Pridobitev oziroma podaljšanje licence za opravljanje zdravilske dejavnosti,eUprava / Republika Slovenija,Ministrstvo za zdravje,health-procedures,procedure page,sl,,BOTH,4,9,"SI Družina, otroci, zakonska zveza Osebni dokumenti, potrdila, selitev",Seed za odkrivanje zdravstvenih upravnih postopkov in storitvenih strani.,discovered,seed-health-services,Pridobitev oziroma podaljšanje licence za opravljanje zdravilske dejavnosti,public,2026-04-07,data\raw\expanded\adm-licenca-za-opravljanje-zdravilske-de-70a6eedb13.html,3785,c3f57ca01140a5d251f1a35dd9780cabaa8c76832646c431a54ced917c30b427
adm-www-gov-si-b1a81c642a,https://www.gov.si/zbirke/storitve/prijava-na-preizkus-iz-zdravstvenih-vsebin-za-zdravilce-ki-nimajo-zdravstvene-izobrazbe/,"Prijava na preizkus iz zdravstvenih vsebin za zdravilce, ki nimajo zdravstvene izobrazbe",Ministrstvo za zdravje,Ministrstvo za zdravje,health-procedures,procedure page,sl,,BOTH,4,9,Kazalo Prijava na preizkus Stroški preizkusa,Seed za odkrivanje zdravstvenih upravnih postopkov in storitvenih strani.,discovered,seed-health-services,"Prijava na preizkus iz zdravstvenih vsebin za zdravilce, ki nimajo zdravstvene izobrazbe",public,2026-04-07,data\raw\expanded\adm-www-gov-si-b1a81c642a.html,3760,81bbe588c9bd39e17751acc5c5183f949c96e11e86568a5a2c7584950001a2c3
adm-www-gov-si-35d96e2e99,https://www.gov.si/zbirke/storitve/strokovni-izpit-za-zdravstvene-delavce-in-sodelavce/,Prijava na strokovne izpite za zdravstvene delavce in sodelavce,Ministrstvo za zdravje,Ministrstvo za zdravje,health-procedures,procedure page,sl,19. 6. 2024,BOTH,5,9,Kazalo Prijava na strokovni izpit Program strokovnega izpita za zdravstvene delavce in zdravstvene sodelavce,Seed za odkrivanje zdravstvenih upravnih postopkov in storitvenih strani.,discovered,seed-health-services,Prijava na strokovne izpite za zdravstvene delavce in sodelavce,public,2026-04-07,data\raw\expanded\adm-www-gov-si-35d96e2e99.html,11680,4fe4e04b3ae0144bcdd216e76fc591ee36b1cff893d7570f16cf5ee7da2b097f
adm-www-gov-si-d301ac90ff,https://www.gov.si/zbirke/storitve/prijava-za-obcasnozacasno-opravljanje-zdravstvenih-storitev/,Prijava za občasno/začasno opravljanje zdravstvenih storitev,Ministrstvo za zdravje,Ministrstvo za zdravje,health-procedures,procedure page,sl,31. 12. 2027,BOTH,4,9,Kazalo Način izvedbe Pravna podlaga,Seed za odkrivanje zdravstvenih upravnih postopkov in storitvenih strani.,discovered,seed-health-services,Prijava za občasno/začasno opravljanje zdravstvenih storitev,public,2026-04-07,data\raw\expanded\adm-www-gov-si-d301ac90ff.html,4312,41d361ab33673e1a4af85399b7bfee384249a6acd604053ae0394f2f8e68aa44
seed-health-services,https://www.gov.si/drzavni-organi/ministrstva/ministrstvo-za-zdravje/storitve/,Storitve Ministrstva za zdravje,Ministrstvo za zdravje,Ministrstvo za zdravje,health-procedures,service hub,sl,,BOTH,5,9,Naziv storitve Dovoljenje ali odločba za opravljanje zdravstvene dejavnosti Dovoljenje za izdajo zdravil prek medmrežja,Seed za odkrivanje zdravstvenih upravnih postopkov in storitvenih strani.,seed,seed-health-services,Storitve Ministrstva za zdravje,public,2026-04-07,data\raw\expanded\seed-health-services.html,3124,a8a4b2a28746bc23b66a60248102c316f7c70507d8731b60a3abac4d318e200b
adm-izbris-iz-registra-zasebnih-zdravstv-6719563b0d,https://e-uprava.gov.si/si/podrocja/delo-upokojitev/delo/izbris-iz-registra-zasebnih-zdravstvenih-delavcev.html,Izbris iz registra zasebnih zdravstvenih delavcev,eUprava / Republika Slovenija,Ministrstvo za zdravje,health-procedures,procedure page,sl,,BOTH,4,10,"SI Družina, otroci, zakonska zveza Osebni dokumenti, potrdila, selitev",Seed za dodatno odkrivanje zdravstvenih poklicnih in licenčnih postopkov na eUpravi.,discovered,seed-health-professions-euprava,Izbris iz registra zasebnih zdravstvenih delavcev,public,2026-04-07,data\raw\expanded\adm-izbris-iz-registra-zasebnih-zdravstv-6719563b0d.html,3027,4cfd28a7ccd1d524e9860e6121c623a8ed58971aa19fd3ae966c66d6dc98323f
adm-oprostitev-posameznih-vsebin-strokov-7dcbe2cf03,https://e-uprava.gov.si/si/podrocja/delo-upokojitev/delo/oprostitev-posameznih-vsebin-strokovnega-izpita-in-oprostitev-pripravnistva-in-strokovnega-izpita-za-zdravstvene-delavce-oziroma-zdravstvene-sodelavce.html,Oprostitev posameznih vsebin strokovnega izpita in oprostitev pripravništva in strokovnega izpita za zdravstvene delavce oziroma zdravstvene sodelavce,eUprava / Republika Slovenija,Ministrstvo za zdravje,health-procedures,service hub,sl,,BOTH,4,10,"SI Družina, otroci, zakonska zveza Osebni dokumenti, potrdila, selitev",Seed za dodatno odkrivanje zdravstvenih poklicnih in licenčnih postopkov na eUpravi.,discovered,seed-health-professions-euprava,Oprostitev posameznih vsebin strokovnega izpita in oprostitev pripravništva in strokovnega izpita za zdravstvene delavce oziroma zdravstvene sodelavce,public,2026-04-07,data\raw\expanded\adm-oprostitev-posameznih-vsebin-strokov-7dcbe2cf03.html,3622,47147199ba88403d82488d21cab4ff12e3c26f16027abe3ee0687c484a736d48
adm-poklici-in-strokovni-kadri-414b62d830,https://spot.gov.si/sl/dejavnosti-in-poklici/poklici-in-strokovni-kadri,Poklici in strokovni kadri,SPOT / Republika Slovenija,Ministrstvo za zdravje,public-sector-hr,service hub,sl,,BOTH,3,10,"<p>Pri številnih poklicih morate pred začetkom njihovega opravljanja izpolniti določene pogoje in pridobiti ustrezna dovoljenja. Preverite, ali za opravljanje željenega poklica potrebujete dovoljenje in katere pogoje morate izpolnjevati.</p> Prilagodite izpis Vse","Seed za dodatno odkrivanje reguliranih zdravstvenih dejavnosti, dovoljenj in poklicev na SPOT.",discovered,seed-health-professions-spot,Poklici in strokovni kadri,public,2026-04-07,data\raw\expanded\adm-poklici-in-strokovni-kadri-414b62d830.html,405,5185f6015468d287535b97c463abc7850bcd3cbbd03f1dd13de5e61fa8541ec8
adm-potrdilo-o-dobrem-imenu-html-3064ebfa6d,https://e-uprava.gov.si/si/podrocja/delo-upokojitev/delo/potrdilo-o-dobrem-imenu.html,Potrdilo o dobrem imenu na področju zdravstva,eUprava / Republika Slovenija,Ministrstvo za zdravje,health-procedures,procedure page,sl,,BOTH,4,10,"SI Družina, otroci, zakonska zveza Osebni dokumenti, potrdila, selitev",Seed za dodatno odkrivanje zdravstvenih poklicnih in licenčnih postopkov na eUpravi.,discovered,seed-health-professions-euprava,Potrdilo o dobrem imenu na področju zdravstva,public,2026-04-07,data\raw\expanded\adm-potrdilo-o-dobrem-imenu-html-3064ebfa6d.html,3018,7985862458f3b24cb29bf38b588039fc4bddb551fd0e175b5670d1c5530139da
adm-pridobitev-dovoljenja-za-opravljanje-f4342d7b65,https://e-uprava.gov.si/si/podrocja/delo-upokojitev/delo/pridobitev-dovoljenja-za-opravljanje-zdravstvene-dejavnosti.html,Pridobitev dovoljenja za opravljanje zdravstvene dejavnosti za fizične osebe - zasebni zdravstveni delavec,eUprava / Republika Slovenija,Ministrstvo za zdravje,health-procedures,procedure page,sl,,BOTH,4,10,"SI Družina, otroci, zakonska zveza Osebni dokumenti, potrdila, selitev",Seed za dodatno odkrivanje zdravstvenih poklicnih in licenčnih postopkov na eUpravi.,discovered,seed-health-professions-euprava,Pridobitev dovoljenja za opravljanje zdravstvene dejavnosti za fizične osebe - zasebni zdravstveni delavec,public,2026-04-07,data\raw\expanded\adm-pridobitev-dovoljenja-za-opravljanje-f4342d7b65.html,3183,ce3e4bdf699914a6ef6649b03d45e847e9d1e85abc317fcc410a99547d9d1136
adm-licenca-za-opravljanje-zdravilske-de-5a9d88fee1,https://e-uprava.gov.si/si/podrocja/delo-upokojitev/delo/licenca-za-opravljanje-zdravilske-dejavnosti.html,Pridobitev oziroma podaljšanje licence za opravljanje zdravilske dejavnosti,eUprava / Republika Slovenija,Ministrstvo za zdravje,health-procedures,procedure page,sl,,BOTH,4,10,"SI Družina, otroci, zakonska zveza Osebni dokumenti, potrdila, selitev",Seed za dodatno odkrivanje zdravstvenih poklicnih in licenčnih postopkov na eUpravi.,discovered,seed-health-professions-euprava,Pridobitev oziroma podaljšanje licence za opravljanje zdravilske dejavnosti,public,2026-04-07,data\raw\expanded\adm-licenca-za-opravljanje-zdravilske-de-5a9d88fee1.html,3785,c3f57ca01140a5d251f1a35dd9780cabaa8c76832646c431a54ced917c30b427
adm-priznanje-poklicne-kvalifikacije-pri-f9c72da75a,https://e-uprava.gov.si/si/podrocja/delo-upokojitev/delo/priznanje-poklicne-kvalifikacije-pridobljene-v-eu-za-zdravstvene-poklice.html,"Priznanje poklicne kvalifikacije, pridobljene v EU za zdravstvene poklice",eUprava / Republika Slovenija,Ministrstvo za zdravje,health-procedures,procedure page,sl,,BOTH,4,10,"SI Družina, otroci, zakonska zveza Osebni dokumenti, potrdila, selitev",Seed za dodatno odkrivanje zdravstvenih poklicnih in licenčnih postopkov na eUpravi.,discovered,seed-health-professions-euprava,"Priznanje poklicne kvalifikacije, pridobljene v EU za zdravstvene poklice",public,2026-04-07,data\raw\expanded\adm-priznanje-poklicne-kvalifikacije-pri-f9c72da75a.html,3172,34f4d6125d0e8ee2282a6458da5f6b4fc25eb29da08a997d47b26e622554cc1e
adm-sprememba-dovoljenja-za-opravljanje--1d87385202,https://e-uprava.gov.si/si/podrocja/delo-upokojitev/delo/sprememba-dovoljenja-za-opravljanje-zdravstvene-dejavnosti0.html,Sprememba dovoljenja za opravljanje zdravstvene dejavnosti za fizične osebe - zasebni zdravstveni delavec,eUprava / Republika Slovenija,Ministrstvo za zdravje,health-procedures,service hub,sl,,BOTH,4,10,"SI Družina, otroci, zakonska zveza Osebni dokumenti, potrdila, selitev",Seed za dodatno odkrivanje zdravstvenih poklicnih in licenčnih postopkov na eUpravi.,discovered,seed-health-professions-euprava,Sprememba dovoljenja za opravljanje zdravstvene dejavnosti za fizične osebe - zasebni zdravstveni delavec,public,2026-04-07,data\raw\expanded\adm-sprememba-dovoljenja-za-opravljanje--1d87385202.html,3901,b36c783b6a2fa316338ae7d72750af713b055bba7f50fcd95abd09e944037ed5
adm-vpis-v-register-zdravstvenih-delavce-605e73e53f,https://e-uprava.gov.si/si/podrocja/delo-upokojitev/delo/vpis-v-register-zdravstvenih-delavcev-in-sodelavcev.html,Vpis v register zdravstvenih delavcev in sodelavcev,eUprava / Republika Slovenija,Ministrstvo za zdravje,health-procedures,procedure page,sl,,BOTH,4,10,"SI Družina, otroci, zakonska zveza Osebni dokumenti, potrdila, selitev",Seed za dodatno odkrivanje zdravstvenih poklicnih in licenčnih postopkov na eUpravi.,discovered,seed-health-professions-euprava,Vpis v register zdravstvenih delavcev in sodelavcev,public,2026-04-07,data\raw\expanded\adm-vpis-v-register-zdravstvenih-delavce-605e73e53f.html,3736,188d6dd772eb656e18ed4cfa8772f431883e35608675ff7ebcc3fc82a4c3215a
seed-health-professions-spot,https://spot.gov.si/sl/dejavnosti-in-poklici,Dejavnosti in poklici,SPOT / Republika Slovenija,Ministrstvo za zdravje,health-procedures,service hub,sl,,BOTH,4,10,"Dejavnosti Pri številnih dejavnostih morate pred začetkom njihovega opravljanja izpolniti določene pogoje in pridobiti ustrezna dovoljenja. Preverite, ali za opravljanje vaše dejavnosti potrebujete dovoljenje in katere pogoje morate izpolnjevati. Poklici in strokovni kadri","Seed za dodatno odkrivanje reguliranih zdravstvenih dejavnosti, dovoljenj in poklicev na SPOT.",seed,seed-health-professions-spot,SPOT - Dejavnosti in poklici,public,2026-04-07,data\raw\expanded\seed-health-professions-spot.html,967,04e96d697b6e14e93ced593553efd6a4535223f58e8f91cb7aa4a6c76ec16914
seed-health-events,https://www.gov.si/zbirke/storitve/vloga-za-zagotavljanje-zdravstvenega-varstva-na-prireditvah/,Zagotavljanje zdravstvenega varstva na prireditvah,Ministrstvo za zdravje,Ministrstvo za zdravje,health-procedures,procedure page,sl,1. 11. 2016,BOTH,5,10,Kazalo Zagotavljanje zdravstvenega varstva na nezahtevnih prireditvah tipa A in B Zagotavljanje zdravstvenega varstva na prireditvah za izvajalce zdravstvenega varstva,Neposreden procesni vir za zdravstvo.,seed,seed-health-events,Zagotavljanje zdravstvenega varstva na prireditvah,public,2026-04-07,data\raw\expanded\seed-health-events.html,3586,21eadcba804349519fad5bc405dfa7990c60c9addd05ae964a763dbe455269a7
seed-health-professions-euprava,https://e-uprava.gov.si/si/podrocja/delo-upokojitev/delo.html,eUprava - Delo,eUprava / Republika Slovenija,Ministrstvo za zdravje,health-procedures,service hub,sl,,BOTH,4,10,"SI Družina, otroci, zakonska zveza Osebni dokumenti, potrdila, selitev",Seed za dodatno odkrivanje zdravstvenih poklicnih in licenčnih postopkov na eUpravi.,seed,seed-health-professions-euprava,eUprava - Delo,public,2026-04-07,data\raw\expanded\seed-health-professions-euprava.html,6612,09834ee8411b4c3464442c1a3675c7a9f586d5ff527144f9cf6d4df379dca7ba
seed-ejn-help,https://ejn.gov.si/direktorat/pomoc-uporabnikom.html,Pomoč uporabnikom,e-JN / Direktorat za javno naročanje,Ministrstvo za javno upravo,public-procurement,procurement guidance,sl,,BOTH,5,11,PISAVA VELIKOST VELIKE/MALE,"Uporabna za procurement support terminologijo, routing in odgovorne zavrnitve.",seed,seed-ejn-help,Pomoč uporabnikom,public,2026-04-07,data\raw\expanded\seed-ejn-help.html,2013,3a6dbcc1eb328d1ebc2b7d66af97ef6387743fbd7684a25cb32e2a9ebf2ee3d8
seed-ejn-guidance,https://ejn.gov.si/sistem/usmeritve-in-navodila/koristne-informacije.html,Koristne informacije za javno naročanje,e-JN / Direktorat za javno naročanje,Ministrstvo za javno upravo,public-procurement,procurement guidance,sl,2. 4. 2023,BOTH,5,12,PISAVA VELIKOST VELIKE/MALE,"Visokovredni vsebinski vir za javno naročanje, ekstrakcijo, povzemanje in grounded QA.",seed,seed-ejn-guidance,Koristne informacije za javno naročanje,public,2026-04-07,data\raw\expanded\seed-ejn-guidance.html,99580,3ec201631a0d1a5e580d98cad2738ab0dae670b6be59ae91d0666f6510a20cea
